LongF,LatF,LongG,LatG,preposition,locatumdesgroup,relatumdescgroup,Euclid Distance,DirectionModified
530549.7465,180511.4336,530548.5526,180512.3517,on,structure,roads tracks and paths,1.50317881,309.0502585
530700.4249,180021.7254,530698.3664,180017.5665,at,roads tracks and paths,land,4.635375957,207.8186397
530197.7624,180498.6528,530199.8492,180493.8979,near,structure,roads tracks and paths,5.188076775,157.7843666
530751.7405,180815.6968,530753.9658,180810.8659,through,roads tracks and paths,buildings,5.314202051,156.7548793
530363.9725,180009.151,530369.9081,180008.4841,above,structure,buildings,5.95565073,97.87794608
533417.9743,181195.6982,533412.1714,181192.6286,close to,buildings,buildings,6.548271986,243.6318539
533113.7254,180709.2543,533114.8608,180719.154,on,buildings,roads tracks and paths,9.960614052,8.048489434
530016.0312,181000.5978,530008.0307,181007.121,outside,roads tracks and paths,buildings,10.30289717,310.6581362
530363.615,180318.055,530352.5173,180319.9416,at,buildings,roads tracks and paths,11.22459838,281.1214137
531222.7707,181052.927,531230.8154,181062.2852,outside,buildings,buildings,12.32095224,42.16230557
530334.3201,180871.7841,530322.8606,180877.5803,at,buildings,roads tracks and paths,12.8096751,298.3026639
530557.4238,180522.02,530549.7465,180511.4336,close to,structure,structure,13.06001698,217.419959
530505.0933,180736.5384,530498.9267,180724.8988,on,buildings,roads tracks and paths,13.15841676,209.3811297
530536.7631,180508.3937,530549.7465,180511.4336,by,structure,structure,13.29656826,78.29491977
530311.45,180575.8757,530325.0986,180573.1747,next to,roads tracks and paths,buildings,13.87436934,102.6579131
530428.8678,180557.6972,530440.8222,180550.5581,next to,roads tracks and paths,roads tracks and paths,13.89282492,122.3178828
530428.8678,180557.6972,530440.8222,180550.5581,in,roads tracks and paths,roads tracks and paths,13.89282492,122.3178828
530524.8166,180958.0566,530528.9994,180971.3725,in,buildings,roads tracks and paths,13.94784693,18.90759964
533449.9904,181043.2061,533457.7342,181055.1518,in,buildings,roads tracks and paths,14.2184587,34.45916814
530314.5453,180440.1784,530328.9187,180440.6566,on,buildings,roads tracks and paths,14.33906974,89.55676025
532223.2349,181617.1949,532211.7881,181606.5138,close to,buildings,buildings,15.62744982,228.4735086
533528.38,181423.265,533542.873,181417.0575,on,general surface,general surface,15.72661673,114.6922249
530412.5826,181117.4811,530396.7109,181115.2255,on,buildings,roads tracks and paths,15.9828018,263.3813658
533452.8146,181936.6029,533453.0256,181920.2938,on,buildings,general surface,16.30264694,180.7655594
533251.9065,181172.6847,533247.1909,181156.9554,near,buildings,buildings,16.41129945,198.1901577
531470.435,180018.7951,531454.4958,180013.9535,alongside,buildings,roads tracks and paths,16.61114829,254.5869916
530455.6109,180955.7099,530438.8072,180953.6854,on,structure,roads tracks and paths,16.87537022,264.5997807
530116.1853,180776.9288,530108.0943,180792.0183,along,roads tracks and paths,roads tracks and paths,17.10601232,333.2696642
533587.7646,181581.4791,533604.5919,181586.2752,on,buildings,roads tracks and paths,17.44720089,75.60235141
530499.322,181046.455,530482.6052,181053.2076,beside,buildings,buildings,17.98290205,293.4697249
530371.3134,180614.2445,530389.185,180608.4504,in,buildings,roads tracks and paths,18.73731701,109.4315996
530316.7658,180894.9469,530332.107,180906.6771,next to,buildings,buildings,19.27125065,54.06651133
533426.7613,181154.4289,533439.535,181169.318,on,buildings,roads tracks and paths,19.5865443,42.13340615
533459.2147,181733.5284,533478.719,181736.6727,on,buildings,roads tracks and paths,19.69695033,82.34382761
530097.3531,180829.5747,530117.4083,180827.8958,next to,buildings,buildings,20.06568209,96.251092
530115.8001,180318.6361,530107.3513,180300.4032,in,buildings,roads tracks and paths,20.07707431,206.3286433
531960.3555,181710.4904,531947.4695,181726.3914,on,buildings,buildings,20.43883072,322.4706204
530125.5707,180805.2439,530108.0943,180792.0183,on,buildings,roads tracks and paths,21.87062783,234.347546
533137.8119,181928.491,533118.9426,181939.6861,behind,buildings,buildings,21.89068135,302.1823216
532078.306,181527.4263,532083.2037,181505.6036,on,general surface,roads tracks and paths,22.3550059,168.8389343
530363.9725,180009.151,530352.2132,179990.0109,on,structure,roads tracks and paths,22.43800153,213.0343781
531221.0947,181108.3846,531243.2921,181112.3126,next to,buildings,roads tracks and paths,22.47564395,81.44345866
530426.8159,180934.2591,530438.8072,180953.6854,on,buildings,roads tracks and paths,22.80333127,33.15557383
530126.1917,180703.6059,530118.4144,180725.372,outside,roads tracks and paths,buildings,23.09828779,341.8040408
530229.5377,180783.0791,530240.8332,180803.9004,adjacent to,roads tracks and paths,roads tracks and paths,23.662726,29.94766968
530229.5377,180783.0791,530240.8332,180803.9004,behind,roads tracks and paths,roads tracks and paths,23.662726,29.94766968
530229.5377,180783.0791,530240.8332,180803.9004,near,roads tracks and paths,roads tracks and paths,23.662726,29.94766968
530010.2146,180442.5553,530016.7911,180419.6359,near,general surface,structure,23.82957426,165.4550313
530010.2146,180442.5553,530016.7911,180419.6359,towards,general surface,structure,23.82957426,165.4550313
530016.7911,180419.6359,530010.2146,180442.5553,in,structure,general surface,23.82957426,345.4550988
530016.7911,180419.6359,530010.2146,180442.5553,in,structure,general surface,23.82957426,345.4550988
530016.7911,180419.6359,530010.2146,180442.5553,towards,structure,general surface,23.82957426,345.4550988
530016.7911,180419.6359,530010.2146,180442.5553,in,structure,general surface,23.82957426,345.4550988
530016.7911,180419.6359,530010.2146,180442.5553,in,structure,general surface,23.82957426,345.4550988
530010.2146,180442.5553,530016.7535,180419.4646,behind,general surface,structure,23.98418827,165.6517345
530010.2146,180442.5553,530016.7535,180419.4646,towards,general surface,structure,23.98418827,165.6517345
530016.7535,180419.4646,530010.2146,180442.5553,across,structure,general surface,23.98418827,345.6518015
530016.7535,180419.4646,530010.2146,180442.5553,in,structure,general surface,23.98418827,345.6518015
530016.7535,180419.4646,530010.2146,180442.5553,in,structure,general surface,23.98418827,345.6518015
530016.7535,180419.4646,530010.2146,180442.5553,in,structure,general surface,23.98418827,345.6518015
530016.7535,180419.4646,530010.2146,180442.5553,on,structure,general surface,23.98418827,345.6518015
530666.1245,181104.6473,530683.8393,181121.3986,alongside,buildings,roads tracks and paths,24.33698309,48.0744733
530319.4744,180463.1129,530328.9187,180440.6566,on,buildings,roads tracks and paths,24.34285943,158.6593709
533404.4553,181728.3124,533404.273,181753.1879,on,buildings,roads tracks and paths,24.86654735,1.085397463
533404.4553,181728.3124,533404.273,181753.1879,on,buildings,roads tracks and paths,24.86654735,1.085397463
532189.3639,182267.5853,532167.344,182255.6355,along,roads tracks and paths,roads tracks and paths,24.99102447,243.0073416
530014.014,180696.5358,530016.5244,180671.657,behind,buildings,buildings,24.99537766,175.7032657
530014.014,180696.5358,530016.5244,180671.657,adjacent to,buildings,buildings,24.99537766,175.7032657
532091.7804,182095.2771,532075.2709,182114.1171,on,buildings,roads tracks and paths,25.01308745,320.264722
532458.7953,180876.3639,532464.0902,180901.0627,close to,buildings,roads tracks and paths,25.24661993,13.59298061
531194.0961,181000.7687,531174.4877,180984.7096,beside,roads tracks and paths,buildings,25.29425042,232.1614343
533546.8659,181391.6773,533542.873,181417.0575,on,buildings,general surface,25.68069284,352.5652299
530332.107,180906.6771,530309.7712,180919.6913,in,buildings,buildings,25.79155249,301.6935918
533471.8002,181264.2734,533463.006,181239.9192,at,buildings,roads tracks and paths,25.87280691,201.3610836
530549.7465,180511.4336,530523.9012,180508.7002,on,structure,roads tracks and paths,25.91237947,265.4340135
530549.7465,180511.4336,530523.9012,180508.7002,on,structure,roads tracks and paths,25.91237947,265.4340135
530472.1601,180843.0911,530491.8654,180860.261,on,buildings,roads tracks and paths,26.08539977,50.4048024
532458.03,181456.875,532469.5941,181480.3285,near,inland water,buildings,26.12488328,27.74043369
530261.4129,181005.9335,530261.6284,181032.1229,on,buildings,roads tracks and paths,26.18023357,1.939380612
530615.6691,180935.3435,530596.0411,180952.9517,beside,buildings,buildings,26.32116415,313.3683408
530376.3468,180734.887,530352.7623,180722.8858,near,buildings,roads tracks and paths,26.39663952,244.5018352
530052.1127,180441.3811,530032.188,180459.0287,behind,structure,inland water,26.56919541,312.9950806
530553.5593,180698.6626,530543.8805,180723.5801,along,roads tracks and paths,buildings,26.7129155,340.2427606
530346.65,180890.475,530322.8606,180877.5803,in,buildings,roads tracks and paths,26.99197852,243.008558
532375.3653,181468.2171,532374.1175,181441.0295,on,buildings,roads tracks and paths,27.20379835,184.1211046
530187.5893,180918.7944,530214.9197,180920.5761,on,general surface,roads tracks and paths,27.30706198,87.73738014
530187.5893,180918.7944,530174.436,180942.7782,on,buildings,roads tracks and paths,27.32773454,332.7258113
530010.2146,180442.5553,530032.188,180459.0287,across,general surface,inland water,27.40507646,54.60462003
530032.188,180459.0287,530010.2146,180442.5553,in,inland water,general surface,27.40507646,234.6048725
530032.188,180459.0287,530010.2146,180442.5553,in,inland water,general surface,27.40507646,234.6048725
530032.188,180459.0287,530010.2146,180442.5553,at,inland water,general surface,27.40507646,234.6048725
530032.188,180459.0287,530010.2146,180442.5553,in,inland water,general surface,27.40507646,234.6048725
530032.188,180459.0287,530010.2146,180442.5553,in,inland water,general surface,27.40507646,234.6048725
530032.188,180459.0287,530010.2146,180442.5553,in,inland water,general surface,27.40507646,234.6048725
530032.188,180459.0287,530010.2146,180442.5553,in,inland water,general surface,27.40507646,234.6048725
530032.188,180459.0287,530010.2146,180442.5553,in,inland water,general surface,27.40507646,234.6048725
530032.188,180459.0287,530010.2146,180442.5553,in,inland water,general surface,27.40507646,234.6048725
530032.188,180459.0287,530010.2146,180442.5553,in,inland water,general surface,27.40507646,234.6048725
530032.188,180459.0287,530010.2146,180442.5553,in,inland water,general surface,27.40507646,234.6048725
530300.0518,180509.8831,530326.11,180500.9647,in,buildings,roads tracks and paths,27.46841127,110.3616149
530097.1815,180122.8229,530115.2521,180143.7809,on,buildings,roads tracks and paths,27.63033345,42.23612185
530656.0251,181126.957,530683.8393,181121.3986,along,buildings,roads tracks and paths,28.2829786,102.7740968
530719.4929,180939.872,530694.7945,180925.9386,beyond,buildings,roads tracks and paths,28.28917438,242.0437733
531816.3051,180885.4026,531838.9664,180902.596,on,buildings,roads tracks and paths,28.38533092,54.2997627
530327.9645,180782.5379,530346.6548,180761.0787,on,buildings,roads tracks and paths,28.41609967,140.4124526
530363.9725,180009.151,530338.3871,179996.2518,on,structure,roads tracks and paths,28.58079519,244.7147524
530363.9725,180009.151,530338.3871,179996.2518,on,structure,roads tracks and paths,28.58079519,244.7147524
530363.9725,180009.151,530338.3871,179996.2518,on,structure,roads tracks and paths,28.58079519,244.7147524
530503.5863,181090.0832,530511.761,181117.7236,in,land,roads tracks and paths,28.80671561,17.94690419
530121.5886,180489.314,530094.0967,180479.6244,close to,buildings,buildings,29.0697001,252.0500461
530082.8868,180316.3822,530107.3513,180300.4032,in,buildings,roads tracks and paths,29.15801677,124.617032
530437.1324,180801.6472,530423.3897,180775.7994,on,buildings,roads tracks and paths,29.24550192,209.4678275
533538.6534,181388.0365,533542.873,181417.0575,on,buildings,general surface,29.31224971,9.779353625
530631.1818,180742.9711,530658.2791,180755.2213,in,buildings,roads tracks and paths,29.6600865,67.14743106
532272.8017,181980.4868,532243.6112,181973.6934,around,buildings,roads tracks and paths,29.88526186,258.3910121
530103.7848,180540.9054,530119.3469,180514.8828,along,buildings,roads tracks and paths,30.28910224,150.5852726
533264.2841,180691.1961,533234.8518,180681.6037,near,buildings,buildings,30.86951415,253.4542602
530134.7945,180542.3155,530103.7848,180540.9054,outside,land,buildings,30.94936313,268.8605913
530036.3883,181049.2956,530010.9264,181031.1579,close to,roads tracks and paths,roads tracks and paths,31.1933122,236.0026667
532469.5941,181480.3285,532477.4473,181449.99,on,buildings,roads tracks and paths,31.32268327,166.9839382
532219.6097,181576.064,532211.7881,181606.5138,around,roads tracks and paths,buildings,31.42296386,347.0850025
530848.4645,181212.1871,530873.7861,181193.4243,on,buildings,roads tracks and paths,31.45176935,128.0119483
530221.7652,180643.3726,530250.5083,180657.1085,by,buildings,roads tracks and paths,31.77439943,65.92518563
530221.7652,180643.3726,530250.5083,180657.1085,on,buildings,roads tracks and paths,31.77439943,65.92518563
530304.5032,180825.7826,530295.6879,180795.1686,off,roads tracks and paths,roads tracks and paths,31.83800041,197.531991
530355.5405,179969.0968,530338.3871,179996.2518,at,roads tracks and paths,roads tracks and paths,32.08451328,329.1901041
530496.0578,180803.4262,530464.2233,180798.339,on,buildings,roads tracks and paths,32.1437412,262.39222
530738.8311,181189.429,530711.9849,181207.3899,on,buildings,roads tracks and paths,32.23099388,305.2569136
530770.3167,180842.2588,530751.7405,180815.6968,in,buildings,roads tracks and paths,32.37081783,216.4411163
530719.2502,180817.6288,530751.7405,180815.6968,in,inland water,roads tracks and paths,32.45204734,94.87557554
533251.9065,181172.6847,533284.3191,181176.2398,next to,buildings,buildings,32.50967376,85.24453463
532511.3586,180749.8789,532541.223,180735.8552,on,buildings,roads tracks and paths,32.910754,116.6493649
530060.1547,181056.6269,530064.1683,181089.6153,towards,roads tracks and paths,roads tracks and paths,33.21737944,8.403091096
533545.2341,181606.4162,533527.3712,181634.4824,on,buildings,roads tracks and paths,33.2330812,329.0299737
530561.1933,180281.6222,530570.5216,180249.6831,alongside,roads tracks and paths,rail,33.25470478,165.1898593
530561.1933,180281.6222,530570.5216,180249.6831,alongside,roads tracks and paths,rail,33.25470478,165.1898593
530561.1933,180281.6222,530570.5216,180249.6831,beside,roads tracks and paths,rail,33.25470478,165.1898593
530561.1933,180281.6222,530570.5216,180249.6831,next to,roads tracks and paths,rail,33.25470478,165.1898593
530561.1933,180281.6222,530570.5216,180249.6831,alongside,roads tracks and paths,rail,33.25470478,165.1898593
530561.1933,180281.6222,530570.5216,180249.6831,beside,roads tracks and paths,rail,33.25470478,165.1898593
530103.7848,180540.9054,530132.659,180558.4507,in,buildings,roads tracks and paths,33.70809596,60.18033944
530280.3299,180641.1517,530250.5083,180657.1085,on,buildings,roads tracks and paths,33.74262132,299.616592
530549.8047,180664.9411,530580.3572,180680.1002,in,buildings,roads tracks and paths,34.01880019,65.08277367
533468.1062,181188.2156,533439.535,181169.318,on,roads tracks and paths,roads tracks and paths,34.1777194,238.0232772
530357.6666,180266.5821,530347.4761,180232.5959,in,structure,general surface,35.45886841,198.1609322
530339.3121,180198.028,530347.4761,180232.5959,in,structure,land,35.49995208,14.75667213
530339.3121,180198.028,530347.4761,180232.5959,in,structure,general surface,35.49995208,14.75667213
530762.7808,180781.7852,530751.7405,180815.6968,at,buildings,roads tracks and paths,35.64312223,343.443144
530762.7808,180781.7852,530751.7405,180815.6968,at,buildings,roads tracks and paths,35.64312223,343.443144
530694.7945,180925.9386,530707.6395,180892.6101,through,roads tracks and paths,roads tracks and paths,35.69462505,160.3959452
533546.8659,181391.6773,533568.5051,181363.0009,on,buildings,roads tracks and paths,35.87806295,144.468605
530302.9141,180136.1647,530286.185,180168.0682,in,buildings,buildings,35.99178504,333.7987865
530051.5089,181126.4952,530033.6289,181095.1992,next to,buildings,buildings,36.00578259,211.2058128
530348.9235,180852.4518,530322.8606,180877.5803,in,buildings,roads tracks and paths,36.1426102,315.4246165
530340.1765,180712.9183,530376.5639,180707.8146,behind,buildings,buildings,36.6367707,99.45260973
530583.1543,180868.9925,530553.5788,180847.2087,outside,roads tracks and paths,buildings,36.65344462,235.0976799
532578.4467,181519.2344,532544.2612,181532.7855,beyond,buildings,buildings,36.67940528,293.1201789
530385.4451,180870.3157,530366.3645,180901.8038,in,roads tracks and paths,buildings,36.77967676,330.2551288
530265.045,180241.2762,530227.9183,180241.6791,on,structure,roads tracks and paths,37.01748769,272.0897803
530257.4521,180291.5376,530268.624,180327.2467,on,buildings,roads tracks and paths,37.39182163,18.84125589
530078.2473,180152.2178,530115.2521,180143.7809,on,buildings,roads tracks and paths,37.8467655,104.3092299
530503.5863,181090.0832,530468.2422,181105.479,at,land,roads tracks and paths,38.45381471,295.0085548
530352.7623,180722.8858,530346.6548,180761.0787,close to,roads tracks and paths,roads tracks and paths,38.66147141,352.3851682
532089.9092,181437.4585,532085.5547,181398.9667,near,buildings,roads tracks and paths,38.71966499,187.943259
530385.3984,180764.4013,530346.6548,180761.0787,in,buildings,roads tracks and paths,38.76954141,266.5692985
532413.4851,181440.6468,532374.1175,181441.0295,on,structure,roads tracks and paths,39.25162941,272.0518065
530076.6239,180152.2886,530115.2521,180143.7809,along,buildings,roads tracks and paths,39.4407194,103.8868144
530115.2521,180143.7809,530076.6239,180152.2886,towards,roads tracks and paths,buildings,39.4407194,283.8872473
530282.6719,180376.9395,530285.4699,180416.4775,outside,general surface,buildings,39.62127855,5.517240257
530314.4565,180959.2294,530309.7712,180919.6913,towards,roads tracks and paths,buildings,39.79747548,188.2297294
533340.9394,181170.1634,533339.2864,181130.2938,on,roads tracks and paths,roads tracks and paths,39.8865008,183.8788327
530197.7624,180498.6528,530233.3505,180480.2921,near,structure,buildings,39.94934228,118.7566122
530197.7624,180498.6528,530233.3505,180480.2921,behind,structure,buildings,39.94934228,118.7566122
530091.3196,181059.7081,530064.1683,181089.6153,towards,roads tracks and paths,roads tracks and paths,40.33330806,319.2324119
530381.7646,180740.4277,530346.6548,180761.0787,on,roads tracks and paths,roads tracks and paths,40.64118686,301.9326327
530030.0317,180943.3045,530029.0609,180902.4886,close to,buildings,buildings,40.81136841,182.8288782
530848.4645,181212.1871,530814.6269,181235.2389,on,buildings,roads tracks and paths,40.85787637,305.7411336
530256.4686,180366.4614,530268.624,180327.2467,on,structure,roads tracks and paths,41.03014006,164.2460683
530509.4545,180520.66,530549.7465,180511.4336,next to,structure,structure,41.21769126,104.3695407
532366.2181,182091.6502,532327.8989,182075.7757,outside,general surface,land,41.36673487,248.9924571
530347.4761,180232.5959,530307.6261,180244.2975,behind,general surface,buildings,41.41730661,287.8319848
530052.1127,180441.3811,530016.7535,180419.4646,next to,structure,structure,41.50397296,239.6740675
530467.6693,180946.4379,530466.8693,180904.6505,behind,buildings,buildings,41.77881468,182.5680556
530052.1078,180441.3776,530010.2146,180442.5553,at,structure,general surface,41.78551458,273.0735929
530052.1127,180441.3811,530010.2146,180442.5553,at,structure,general surface,41.790173,273.0686816
530052.1127,180441.3811,530010.2146,180442.5553,in,structure,general surface,41.790173,273.0686816
530052.1127,180441.3811,530010.2146,180442.5553,in,structure,general surface,41.790173,273.0686816
530052.1127,180441.3811,530010.2146,180442.5553,on,structure,general surface,41.790173,273.0686816
530032.188,180459.0287,530016.7911,180419.6359,close to,inland water,structure,42.26159364,202.8144506
530016.7911,180419.6359,530032.188,180459.0287,behind,structure,inland water,42.26159364,22.81426565
530503.5863,181090.0832,530482.6052,181053.2076,adjacent to,land,buildings,42.38079317,211.1098983
532247.7959,182025.3994,532250.0535,182068.2911,over,buildings,buildings,42.93419786,4.503523625
532511.3586,180749.8789,532468.7362,180756.2665,on,buildings,roads tracks and paths,42.97382546,280.0167432
530323.4433,180691.1028,530352.7623,180722.8858,behind,roads tracks and paths,roads tracks and paths,43.16958994,44.15969173
530361.1141,180526.8136,530326.11,180500.9647,along,buildings,roads tracks and paths,43.42197376,235.0243753
532571.4437,181331.2879,532570.0682,181287.7143,on,buildings,roads tracks and paths,43.5782822,183.3047806
531418.2586,179988.4647,531375.3342,179977.8554,on,buildings,roads tracks and paths,44.09053266,257.5954985
533461.0119,181812.95,533479.2042,181853.8928,on,buildings,general surface,44.76386035,25.46315865
533484.2684,181174.3234,533439.535,181169.318,on,buildings,roads tracks and paths,44.87819633,265.1220661
530107.3513,180300.4032,530076.9924,180333.9055,near,roads tracks and paths,buildings,45.1440035,319.2838379
532439.1427,181533.6581,532393.781,181533.556,over,buildings,buildings,45.22590754,271.3646816
530472.1601,180843.0911,530464.2233,180798.339,behind,roads tracks and paths,roads tracks and paths,45.42872992,191.527892
530472.1601,180843.0911,530464.2233,180798.339,on,roads tracks and paths,roads tracks and paths,45.42872992,191.527892
530527.0532,181292.2709,530572.4785,181285.1023,on,buildings,roads tracks and paths,45.85449905,100.4391779
530112.6281,180746.2505,530108.0943,180792.0183,off,roads tracks and paths,roads tracks and paths,45.97352143,355.8102049
530777.839,181031.3241,530747.6384,180994.6098,next to,buildings,buildings,47.46892705,220.9150366
532056.3398,181466.2398,532083.2037,181505.6036,on,land,roads tracks and paths,47.59682509,35.8006269
530145.8322,180007.8397,530103.295,180029.6741,behind,buildings,buildings,47.69809766,298.6379435
530428.8678,180557.6972,530380.9919,180557.7018,on,roads tracks and paths,roads tracks and paths,47.73207562,271.4754806
530175.5173,180631.3999,530221.9157,180619.3671,at,buildings,roads tracks and paths,47.79982972,106.0059724
530099.9112,181121.6333,530064.1683,181089.6153,towards,roads tracks and paths,roads tracks and paths,47.8962369,229.6130425
530149.7037,180526.5878,530103.7848,180540.9054,behind,structure,buildings,47.96772168,288.7841218
531960.8561,181072.1695,531959.5356,181024.0921,behind,buildings,buildings,48.07781698,183.0607567
530155.6516,180325.2349,530201.3076,180308.8536,over,buildings,buildings,48.3781765,111.2052994
533612.8375,181343.2839,533568.5051,181363.0009,on,buildings,roads tracks and paths,48.39831338,295.4841343
531041.0381,180886.4263,531074.0592,180850.7438,on,buildings,roads tracks and paths,48.5433731,138.6949779
530340.1765,180712.9183,530346.6548,180761.0787,near,roads tracks and paths,roads tracks and paths,48.57314969,9.131796308
530263.9635,180758.0579,530295.6879,180795.1686,in,buildings,roads tracks and paths,48.74712101,41.99380506
530363.615,180318.055,530320.0973,180340.5868,close to,buildings,buildings,48.88880263,298.8425323
530084.6381,180292.7232,530053.1069,180330.4479,in,buildings,roads tracks and paths,49.09824222,321.5775724
530647.6707,179961.4559,530607.6082,179990.8062,near,general surface,structure,49.56346407,307.6996471
530647.6707,179961.4559,530607.6082,179990.8062,towards,land,structure,49.56346407,307.6996471
530328.9187,180440.6566,530285.4699,180416.4775,alongside,roads tracks and paths,buildings,49.60326999,242.3721834
530285.4699,180416.4775,530328.9187,180440.6566,on,buildings,roads tracks and paths,49.60326999,62.37168665
530366.3645,180901.8038,530322.8606,180877.5803,at,buildings,roads tracks and paths,49.67155742,242.3599314
530520.7492,180650.0027,530507.7359,180601.9225,on,roads tracks and paths,roads tracks and paths,49.77998658,196.615561
530316.7658,180894.9469,530366.3645,180901.8038,in,buildings,buildings,49.92190064,83.59893189
530834.417,180880.2426,530839.6317,180830.2371,on,buildings,buildings,50.256102,175.5206432
533612.8375,181343.2839,533633.6365,181389.255,on,buildings,roads tracks and paths,50.41102523,25.85130458
533363.3386,181215.4264,533340.9394,181170.1634,behind,buildings,roads tracks and paths,50.45335578,207.8339552
533340.9394,181170.1634,533363.3386,181215.4264,near,roads tracks and paths,buildings,50.45335578,27.83368929
530549.7465,180511.4336,530509.2934,180542.1613,behind,structure,structure,50.70024358,308.6910797
530632.8081,181024.2431,530586.2414,181003.8222,on,buildings,roads tracks and paths,50.71520452,247.7942506
530256.4686,180366.4614,530206.8476,180379.0952,outside,structure,buildings,51.06047454,285.7533737
530016.7535,180419.4646,530037.1828,180372.3283,behind,structure,structure,51.33497314,158.0347056
530470.2419,180994.37,530438.8072,180953.6854,at,buildings,roads tracks and paths,51.34071285,219.1623161
531997.4677,181674.4839,531960.3555,181710.4904,near,roads tracks and paths,buildings,51.62270734,315.621523
530202.1221,180860.9141,530253.9792,180863.7576,over,roads tracks and paths,roads tracks and paths,51.77959514,88.32923995
532211.7881,181606.5138,532250.0982,181571.3201,near,buildings,buildings,51.93164923,134.0638743
533468.1062,181188.2156,533463.006,181239.9192,on,roads tracks and paths,roads tracks and paths,51.93312959,355.8723177
533499.8223,181386.4576,533542.873,181417.0575,near,buildings,general surface,52.70189738,56.10309803
531874.8804,181779.9143,531922.3574,181803.574,on,buildings,roads tracks and paths,52.91125124,64.99708853
530320.0973,180340.5868,530268.624,180327.2467,at,buildings,roads tracks and paths,53.02089224,256.9398328
530320.0973,180340.5868,530268.624,180327.2467,at,buildings,roads tracks and paths,53.02089224,256.9398328
530320.0973,180340.5868,530268.624,180327.2467,on,buildings,roads tracks and paths,53.02089224,256.9398328
530423.0629,180194.3056,530372.1412,180178.7952,at,buildings,roads tracks and paths,53.08301334,254.5282764
530423.0629,180194.3056,530372.1412,180178.7952,along,buildings,roads tracks and paths,53.08301334,254.5282764
530586.0855,180626.059,530549.8047,180664.9411,outside,structure,buildings,53.09854213,318.4558
530553.5788,180847.2087,530542.2105,180899.1269,on,buildings,roads tracks and paths,53.12253722,349.1215402
530553.5788,180847.2087,530542.2105,180899.1269,on,buildings,roads tracks and paths,53.12253722,349.1215402
530169.2438,181155.5541,530129.4318,181119.6647,over,buildings,buildings,53.49925544,229.4343026
532748.0441,181601.2071,532772.7218,181648.8817,behind,buildings,buildings,53.62975703,28.86432471
530147.6652,181162.6472,530112.4636,181203.3399,on,structure,roads tracks and paths,53.72871859,320.6074213
530039.6186,180487.6847,530010.2146,180442.5553,on,structure,general surface,53.79888071,214.5515726
530039.6186,180487.6847,530010.2146,180442.5553,at,structure,general surface,53.79888071,214.5515726
530039.6186,180487.6847,530010.2146,180442.5553,at,structure,general surface,53.79888071,214.5515726
530039.6186,180487.6847,530010.2146,180442.5553,on,structure,general surface,53.79888071,214.5515726
530071.0603,180112.7793,530115.2521,180143.7809,on,buildings,roads tracks and paths,53.86379094,56.41569292
530470.2419,180994.37,530427.0737,181027.1563,at,buildings,roads tracks and paths,54.10004588,308.6890845
530240.1135,180386.1876,530285.4699,180416.4775,along,roads tracks and paths,buildings,54.41804055,57.7323128
533296.7537,182094.0752,533257.3382,182056.2062,on,buildings,roads tracks and paths,54.55986212,227.650617
530596.0411,180952.9517,530649.4544,180968.883,on,buildings,roads tracks and paths,55.58092119,74.86297201
530596.0411,180952.9517,530649.4544,180968.883,at,buildings,roads tracks and paths,55.58092119,74.86297201
531130.0927,181025.2886,531187.8307,181025.0355,behind,roads tracks and paths,roads tracks and paths,57.56551999,91.72858444
530257.4521,180291.5376,530227.9183,180241.6791,on,buildings,roads tracks and paths,57.88578321,212.1080244
530257.4521,180291.5376,530227.9183,180241.6791,in,buildings,buildings,57.88578321,212.1080244
529988.7882,180496.6364,530010.2146,180442.5553,in,buildings,general surface,58.13132994,159.8528576
532748.0441,181601.2071,532741.5792,181659.3562,on,buildings,roads tracks and paths,58.48421796,355.153941
532266.6578,181584.1867,532211.7881,181606.5138,behind,general surface,buildings,59.08539441,293.6334316
530542.0826,181029.4169,530528.9994,180971.3725,on,buildings,roads tracks and paths,59.46842682,194.1745263
532294.3881,180991.701,532308.5355,181049.5837,behind,buildings,buildings,59.55367762,15.22626063
532294.3881,180991.701,532308.5355,181049.5837,behind,buildings,buildings,59.55367762,15.22626063
530202.1221,180860.9141,530214.9197,180920.5761,on,roads tracks and paths,roads tracks and paths,60.986812,13.57534548
529998.6331,180792.0867,530031.5949,180738.8211,on,buildings,roads tracks and paths,62.57421047,149.7157443
530701.1651,180933.342,530649.4544,180968.883,through,roads tracks and paths,roads tracks and paths,62.61558433,305.9744772
530669.7193,180842.4743,530707.6395,180892.6101,on,buildings,roads tracks and paths,62.77486538,38.57570084
530054.4123,180110.1295,530002.9038,180071.6591,on,structure,general surface,64.15184762,234.7103746
530054.4123,180110.1295,530002.9038,180071.6591,in,structure,general surface,64.15184762,234.7103746
533484.2684,181174.3234,533542.2417,181146.2607,on,buildings,roads tracks and paths,64.25097817,117.334952
530172.7476,180813.7194,530229.5377,180783.0791,on,buildings,roads tracks and paths,64.37625048,119.8147903
530128.4205,181099.1048,530064.1683,181089.6153,towards,roads tracks and paths,roads tracks and paths,64.75782384,263.065299
530240.1135,180386.1876,530268.624,180327.2467,near,roads tracks and paths,roads tracks and paths,65.41910505,155.6548062
530240.1135,180386.1876,530268.624,180327.2467,along,roads tracks and paths,roads tracks and paths,65.41910505,155.6548062
530839.6317,180830.2371,530878.7736,180883.058,in,buildings,roads tracks and paths,65.65264507,38.01438587
530602.3017,180869.8355,530542.2105,180899.1269,on,buildings,roads tracks and paths,66.68692644,297.4591996
530602.3017,180869.8355,530542.2105,180899.1269,at,buildings,roads tracks and paths,66.68692644,297.4591996
531875.2864,180917.0378,531816.3051,180885.4026,around,structure,buildings,66.76432878,243.2783598
530180.4839,180158.9158,530115.2521,180143.7809,on,buildings,roads tracks and paths,66.77149162,258.404032
530344.2959,180450.2486,530285.4699,180416.4775,at,roadside,buildings,67.66780806,241.6094793
530344.2959,180450.2486,530285.4699,180416.4775,on,roadside,buildings,67.66780806,241.6094793
530172.7476,180813.7194,530108.0943,180792.0183,on,buildings,roads tracks and paths,68.00992785,252.9132569
530099.3772,180770.6595,530077.927,180705.9622,in,buildings,roads tracks and paths,68.11424423,199.8092536
530025.2163,180749.4505,530077.927,180705.9622,through,roads tracks and paths,roads tracks and paths,68.20835681,130.9908401
530025.2163,180749.4505,530077.927,180705.9622,towards,roads tracks and paths,roads tracks and paths,68.20835681,130.9908401
530227.8649,180093.6319,530296.3048,180098.3081,at,structure,roads tracks and paths,68.39456015,87.55909442
530035.8469,180379.0206,530010.2146,180442.5553,in,general surface,general surface,68.46001103,339.4949348
530389,180896.575,530322.8606,180877.5803,at,roads tracks and paths,roads tracks and paths,68.61748849,255.446317
530056.5322,180771.2679,530077.927,180705.9622,on,buildings,roads tracks and paths,68.68052616,163.3278847
531554.2754,181100.5394,531622.1747,181087.9111,over,roads tracks and paths,buildings,68.86474748,102.01809
530596.0411,180952.9517,530528.9994,180971.3725,on,buildings,roads tracks and paths,69.33411181,286.8365278
530496.0578,180803.4262,530438.6133,180842.7664,on,buildings,roads tracks and paths,69.47856092,305.8762532
530912.9343,180002.2256,530879.723,179941.0083,over,inland water,roads tracks and paths,69.5741445,209.956065
530240.8332,180803.9004,530296.7852,180846.0602,towards,roads tracks and paths,buildings,69.91104514,54.46977034
530240.8332,180803.9004,530296.7852,180846.0602,through,roads tracks and paths,buildings,69.91104514,54.46977034
530244.1015,180361.8883,530179.0982,180388.7427,on,buildings,roads tracks and paths,70.15270862,293.9152144
530261.4129,181005.9335,530314.4565,180959.2294,on,buildings,roads tracks and paths,70.54886986,132.8325822
532416.8586,181577.9678,532420.9529,181648.7778,adjacent to,general surface,buildings,70.89873795,4.802293606
530356.0769,180408.0509,530285.4699,180416.4775,at,buildings,buildings,70.89959136,278.2742279
530564.2197,181129.574,530632.4466,181109.3935,along,roads tracks and paths,roads tracks and paths,70.953034,107.9499087
532118.7312,182168.5547,532187.2082,182188.2623,above,buildings,buildings,71.05365392,75.43620045
530542.0826,181029.4169,530503.5863,181090.0832,beyond,buildings,land,71.77235872,329.0742667
530044.5925,180770.1304,530077.927,180705.9622,in,buildings,roads tracks and paths,72.24608285,154.0160125
532094.4849,181685.4371,532165.6344,181699.4298,over,buildings,roads tracks and paths,72.2993818,80.3638079
533340.9394,181170.1634,533288.2667,181220.6917,close to,roads tracks and paths,buildings,72.8675658,315.3144362
532351.6227,181698.2386,532332.24,181627.8334,beyond,buildings,general surface,72.98134719,196.8848156
530812.0449,180913.2254,530878.7736,180883.058,at,buildings,roads tracks and paths,73.04770903,115.8013555
530634.7117,181176.2061,530683.8393,181121.3986,along,buildings,roads tracks and paths,73.49353826,139.6019412
530274.4484,180219.0735,530347.4761,180232.5959,close to,structure,general surface,74.05186754,80.97742536
530274.4484,180219.0735,530347.4761,180232.5959,next to,structure,general surface,74.05186754,80.97742536
530549.8047,180664.9411,530478.2907,180644.138,near,buildings,buildings,74.26935088,255.2511703
530438.8072,180953.6854,530427.0737,181027.1563,behind,roads tracks and paths,roads tracks and paths,74.37041526,352.3980207
530589.9329,180841.7692,530542.2105,180899.1269,on,buildings,roads tracks and paths,74.51092366,321.7115568
530037.0496,180372.6271,530010.2146,180442.5553,behind,structure,general surface,74.84846845,340.4715134
530082.6698,180781.061,530077.927,180705.9622,on,buildings,roads tracks and paths,75.21949975,185.0808714
530380.9919,180557.7018,530442.2996,180602.0147,along,roads tracks and paths,roads tracks and paths,75.48289486,55.60978004
530698.3664,180017.5665,530647.6707,179961.4559,at,land,land,75.49857795,223.5700496
530698.3664,180017.5665,530647.6707,179961.4559,on,land,land,75.49857795,223.5700496
530647.6707,179961.4559,530698.3664,180017.5665,along,land,land,75.49857795,43.569462
530647.6707,179961.4559,530698.3664,180017.5665,near,land,land,75.49857795,43.569462
530544.4382,180606.9992,530478.2907,180644.138,outside,structure,buildings,75.68406185,300.7838578
530265.045,180241.2762,530286.185,180168.0682,on,structure,buildings,76.15660508,165.3613724
530777.0312,181001.9481,530853.2007,181009.8708,behind,buildings,buildings,76.35327031,85.53584449
530412.5833,181332.054,530355.7579,181280.5033,beyond,buildings,buildings,76.57999844,229.2555542
533026.5519,180598.9131,532957.2554,180633.5094,along,roads tracks and paths,buildings,77.26508908,298.0301825
530774.4754,180932.573,530707.6395,180892.6101,in,buildings,roads tracks and paths,77.68813899,240.59627
530774.4754,180932.573,530707.6395,180892.6101,on,buildings,roads tracks and paths,77.68813899,240.59627
530774.4754,180932.573,530707.6395,180892.6101,on,buildings,roads tracks and paths,77.68813899,240.59627
530707.6395,180892.6101,530774.4754,180932.573,near,roads tracks and paths,buildings,77.68813899,60.59550497
530466.8693,180904.6505,530389,180896.575,in,buildings,buildings,78.05401161,265.5492485
529993.9492,180601.1508,530060.9908,180558.7767,in,buildings,roads tracks and paths,79.13750015,123.7600926
530307.6261,180244.2975,530286.185,180168.0682,close to,buildings,buildings,79.13843513,197.1793263
530294.6788,180062.5642,530338.3871,179996.2518,on,buildings,roads tracks and paths,79.33217231,148.0784936
530002.9038,180071.6591,530071.0603,180112.7793,behind,general surface,buildings,79.4126144,60.36143517
530751.7405,180815.6968,530786.7557,180744.1966,on,roads tracks and paths,roads tracks and paths,79.54589299,155.3832658
530786.7557,180744.1966,530751.7405,180815.6968,outside,roads tracks and paths,roads tracks and paths,79.54589299,335.3836397
530253.9792,180863.7576,530295.6879,180795.1686,alongside,roads tracks and paths,roads tracks and paths,80.19178986,150.1647783
532030.2062,180956.9812,532110.7773,180956.0621,above,buildings,buildings,80.33577753,92.14124296
530495.1513,180564.3838,530478.2907,180644.138,by,structure,buildings,81.47778611,349.5352318
530314.4565,180959.2294,530322.8606,180877.5803,near,roads tracks and paths,roads tracks and paths,82.04645083,175.5928296
533461.0119,181812.95,533404.273,181753.1879,on,buildings,roads tracks and paths,82.26613905,225.0194487
530573.5915,180745.5643,530658.2791,180755.2213,near,buildings,roads tracks and paths,84.98312354,84.96597672
530098.6839,180623.2636,530077.927,180705.9622,on,buildings,roads tracks and paths,85.21904468,347.3768594
530295.6879,180795.1686,530322.8606,180877.5803,at,roads tracks and paths,roads tracks and paths,86.7178929,19.71804332
530761,180961.3,530707.6395,180892.6101,on,buildings,roads tracks and paths,86.85806555,219.3145889
530751.7405,180815.6968,530707.6395,180892.6101,on,roads tracks and paths,roads tracks and paths,88.57261501,331.6445903
530361.2844,180370.0077,530285.4699,180416.4775,on,roads tracks and paths,buildings,88.72455025,302.9752267
530839.6317,180830.2371,530751.7405,180815.6968,close to,buildings,roads tracks and paths,88.82385699,262.0805157
530088.7113,180917.3139,530174.436,180942.7782,on,buildings,roads tracks and paths,89.17533973,74.92281056
533373.2472,181084.5999,533457.7342,181055.1518,near,buildings,roads tracks and paths,89.23333843,110.7209508
530038.8031,180527.3652,530010.2146,180442.5553,in,structure,general surface,89.43843117,200.0941962
530141.5878,180229.3816,530115.2521,180143.7809,on,buildings,roads tracks and paths,89.50309537,198.5685842
530141.5878,180229.3816,530115.2521,180143.7809,in,buildings,roads tracks and paths,89.50309537,198.5685842
530023.58,180490.53,529961.955,180556.2569,by,structure,buildings,89.95982777,318.310276
530632.8081,181024.2431,530542.0826,181029.4169,near,buildings,buildings,90.60264272,274.7365969
530023.3182,180778.9467,530077.927,180705.9622,towards,roads tracks and paths,roads tracks and paths,91.03850395,144.661417
530094.0967,180479.6244,530010.2146,180442.5553,at,buildings,general surface,91.46990104,247.6238324
530094.0967,180479.6244,530010.2146,180442.5553,at,buildings,general surface,91.46990104,247.6238324
530094.0967,180479.6244,530010.2146,180442.5553,behind,buildings,general surface,91.46990104,247.6238324
530094.0967,180479.6244,530010.2146,180442.5553,on,buildings,general surface,91.46990104,247.6238324
530314.5453,180440.1784,530240.1135,180386.1876,on,buildings,roads tracks and paths,91.75262497,235.512881
530034.5039,180498.4263,529961.955,180556.2569,behind,buildings,buildings,92.60078946,310.0248516
530753.9658,180810.8659,530707.6395,180892.6101,off,buildings,roads tracks and paths,93.86695149,331.9334974
530607.6082,179990.8062,530698.3664,180017.5665,at,structure,land,94.35491155,75.04318989
530607.6082,179990.8062,530698.3664,180017.5665,near,structure,land,94.35491155,75.04318989
530698.3664,180017.5665,530607.6082,179990.8062,beside,land,structure,94.35491155,255.0442205
530347.4761,180232.5959,530431.1173,180278.0999,near,general surface,structure,94.98441116,62.92115491
533197.6608,182130.3574,533257.3382,182056.2062,near,buildings,roads tracks and paths,95.05462075,142.6756356
530172.7476,180813.7194,530253.9792,180863.7576,on,buildings,roads tracks and paths,95.1843523,59.83358375
530665.1539,181042.7406,530747.6384,180994.6098,around,buildings,buildings,95.2824145,121.7377712
529968.5417,180532.8305,530060.9908,180558.7767,on,roads tracks and paths,roads tracks and paths,95.74954606,75.78791099
530707.6395,180892.6101,530649.4544,180968.883,towards,roads tracks and paths,roads tracks and paths,95.81091359,324.1350289
530096.9616,180094.4985,530002.9038,180071.6591,on,structure,general surface,96.5132725,257.8180316
530261.4129,181005.9335,530214.9197,180920.5761,on,buildings,roads tracks and paths,97.09896784,210.0452802
530700.4249,180021.7254,530607.6082,179990.8062,on,structure,structure,97.56080989,253.0492312
530103.9073,180413.4795,530010.2146,180442.5553,in,buildings,general surface,97.83262848,288.7063558
530388.8623,180442.7048,530306.538,180497.1969,on,land,buildings,98.5136777,304.9711597
530060.9908,180558.7767,529961.955,180556.2569,behind,roads tracks and paths,buildings,98.77277651,270.0082786
530747.6384,180994.6098,530649.4544,180968.883,at,buildings,roads tracks and paths,101.2092652,256.7907551
530015.4319,180341.0772,530010.2146,180442.5553,off,buildings,general surface,101.5724738,358.5230275
530979.019,180811.1833,531074.0592,180850.7438,on,buildings,roads tracks and paths,102.6723469,68.87615638
530799.8342,179998.44,530698.3664,180017.5665,over,buildings,land,102.9568024,282.1490237
530194.4763,180465.3359,530285.4699,180416.4775,outside,buildings,buildings,103.0379786,119.7004827
530726.7109,180353.4838,530650.9332,180426.2638,on,buildings,tidal water,104.892024,315.3175007
530726.7109,180353.4838,530650.9332,180426.2638,on,buildings,tidal water,104.892024,315.3175007
530208.6383,180095.1156,530115.2521,180143.7809,in,buildings,roads tracks and paths,105.0538996,298.9923332
530608.711,181075.6131,530511.761,181117.7236,at,buildings,roads tracks and paths,105.4335823,294.9506659
530812.0449,180913.2254,530707.6395,180892.6101,in,buildings,roads tracks and paths,106.1106142,260.3044098
530104.9421,180245.4412,530202.5987,180288.4275,on,buildings,roads tracks and paths,106.4209363,67.70755078
530097.1815,180122.8229,530002.9038,180071.6591,on,buildings,general surface,107.0025452,242.9777039
530261.4129,181005.9335,530174.436,180942.7782,on,buildings,roads tracks and paths,107.2584294,235.4839991
530602.3017,180869.8355,530707.6395,180892.6101,at,buildings,roads tracks and paths,107.4595789,79.27240229
530032.188,180459.0287,530103.7848,180540.9054,towards,inland water,buildings,108.5952582,42.63383512
530482.6052,181053.2076,530438.8072,180953.6854,on,buildings,roads tracks and paths,108.6414685,205.2243805
531177.5554,180910.5791,531074.7275,180946.6526,over,buildings,roads tracks and paths,108.6818349,290.8104578
530602.3017,180869.8355,530649.4544,180968.883,on,buildings,roads tracks and paths,109.5982295,26.92920624
530296.3048,180098.3081,530338.3871,179996.2518,on,roads tracks and paths,roads tracks and paths,110.3122407,159.0601103
530126.1917,180703.6059,530025.2163,180749.4505,over,roads tracks and paths,roads tracks and paths,110.6193823,295.8860111
530499.322,181046.455,530438.8072,180953.6854,on,buildings,roads tracks and paths,110.6271414,214.5881029
530472.1601,180843.0911,530540.5646,180933.034,on,buildings,roads tracks and paths,112.8416339,38.72521396
530314.4565,180959.2294,530253.9792,180863.7576,towards,roads tracks and paths,roads tracks and paths,112.8815168,213.8224421
530223.9188,180821.0662,530322.8606,180877.5803,close to,buildings,roads tracks and paths,113.6725763,61.73320706
530396.7109,181115.2255,530511.761,181117.7236,through,roads tracks and paths,roads tracks and paths,114.7321535,90.22532189
530322.8606,180877.5803,530214.9197,180920.5761,by,roads tracks and paths,roads tracks and paths,115.8881512,293.1872618
530426.8159,180934.2591,530322.8606,180877.5803,in,roads tracks and paths,roads tracks and paths,118.1125105,242.8699871
530322.8606,180877.5803,530346.6548,180761.0787,along,roads tracks and paths,roads tracks and paths,118.8511636,169.9266368
530716.2014,180701.8087,530751.7405,180815.6968,adjacent to,rail,roads tracks and paths,119.2271176,18.80535789
532708.9896,181748.8898,532589.1764,181756.8115,near,buildings,roads tracks and paths,119.7184571,275.2799738
530032.188,180459.0287,529961.955,180556.2569,behind,inland water,buildings,119.7957772,325.6237038
530032.188,180459.0287,529961.955,180556.2569,towards,inland water,buildings,119.7957772,325.6237038
530032.188,180459.0287,529961.955,180556.2569,towards,inland water,buildings,119.7957772,325.6237038
530032.188,180459.0287,529961.955,180556.2569,towards,inland water,buildings,119.7957772,325.6237038
530206.7561,180846.1663,530322.8606,180877.5803,in,buildings,roads tracks and paths,119.9386123,76.3271951
530053.1069,180330.4479,530010.2146,180442.5553,towards,roads tracks and paths,general surface,119.9505625,340.5290602
530121.5886,180489.314,530010.2146,180442.5553,over,roads tracks and paths,general surface,120.4735404,248.6911975
530632.4466,181109.3935,530511.761,181117.7236,next to,roads tracks and paths,roads tracks and paths,120.6136628,275.4211256
530268.0264,180828.9101,530366.3645,180901.8038,around,roadside,buildings,122.148722,54.92048869
530227.8649,180093.6319,530115.2521,180143.7809,at,structure,roads tracks and paths,122.964438,295.4719521
530212.571,180132.852,530240.2054,180012.7344,near,buildings,buildings,123.1953878,168.5124879
529961.955,180556.2569,530010.2146,180442.5553,on,buildings,general surface,123.4296378,158.4671903
529961.955,180556.2569,530010.2146,180442.5553,on,buildings,general surface,123.4296378,158.4671903
530010.2146,180442.5553,529961.955,180556.2569,close to,general surface,buildings,123.4296378,338.4677014
530010.2146,180442.5553,529961.955,180556.2569,behind,general surface,buildings,123.4296378,338.4677014
530103.7848,180540.9054,529993.9492,180601.1508,opposite,buildings,buildings,124.9811941,300.2114287
530542.2105,180899.1269,530649.4544,180968.883,on,roads tracks and paths,roads tracks and paths,127.642973,58.42932808
530366.3645,180901.8038,530295.6879,180795.1686,at,buildings,roads tracks and paths,127.7726642,215.0058194
530589.9329,180841.7692,530707.6395,180892.6101,on,buildings,roads tracks and paths,127.8808657,68.11119114
533340.9394,181170.1634,533275.5667,181281.4423,near,roads tracks and paths,buildings,128.9307532,331.0707662
530119.3469,180514.8828,530010.2146,180442.5553,towards,roads tracks and paths,general surface,130.6315442,237.9313099
530377.0379,180996.7771,530322.8606,180877.5803,beyond,buildings,roads tracks and paths,130.8164179,205.9123988
530549.7465,180511.4336,530650.9332,180426.2638,across,structure,tidal water,132.0143949,131.5591856
530437.6279,180260.8039,530570.5216,180249.6831,close to,buildings,rail,132.9638846,96.25330415
530002.9038,180071.6591,530115.2521,180143.7809,on,general surface,roads tracks and paths,133.2000998,58.76674089
530103.7848,180540.9054,530128.3988,180672.8646,behind,buildings,buildings,134.1700297,12.03274314
530103.7848,180540.9054,530010.2146,180442.5553,in,buildings,general surface,135.5232983,225.039569
530103.7848,180540.9054,530010.2146,180442.5553,at,buildings,general surface,135.5232983,225.039569
530103.7848,180540.9054,530010.2146,180442.5553,at,buildings,general surface,135.5232983,225.039569
530103.7848,180540.9054,530010.2146,180442.5553,at,buildings,general surface,135.5232983,225.039569
530103.7848,180540.9054,530010.2146,180442.5553,at,buildings,general surface,135.5232983,225.039569
530103.7848,180540.9054,530010.2146,180442.5553,in,buildings,general surface,135.5232983,225.039569
530103.7848,180540.9054,530010.2146,180442.5553,at,buildings,general surface,135.5232983,225.039569
530103.7848,180540.9054,530010.2146,180442.5553,at,buildings,general surface,135.5232983,225.039569
530103.7848,180540.9054,530010.2146,180442.5553,in,buildings,general surface,135.5232983,225.039569
530010.2146,180442.5553,530103.7848,180540.9054,behind,general surface,buildings,135.5232983,45.03848589
530409.335,180582.5203,530523.9012,180508.7002,on,buildings,roads tracks and paths,135.9934918,124.2654408
530438.8072,180953.6854,530322.8606,180877.5803,near,roads tracks and paths,roads tracks and paths,138.3784655,238.1900248
530187.5893,180918.7944,530322.8606,180877.5803,close to,general surface,roads tracks and paths,141.0245378,108.4117763
529961.955,180556.2569,530103.7848,180540.9054,near,buildings,buildings,142.2386848,97.64230539
529961.955,180556.2569,530103.7848,180540.9054,adjacent to,buildings,buildings,142.2386848,97.64230539
530103.7848,180540.9054,529961.955,180556.2569,outside,buildings,buildings,142.2386848,277.6438997
530478.2907,180644.138,530523.9012,180508.7002,on,buildings,roads tracks and paths,142.8243129,162.8597842
530523.9012,180508.7002,530478.2907,180644.138,towards,roads tracks and paths,buildings,142.8243129,342.8602591
530129.941,180523.581,530010.2146,180442.5553,on,buildings,general surface,144.2469163,237.3776012
530658.2791,180755.2213,530707.6395,180892.6101,across,roads tracks and paths,roads tracks and paths,145.8822926,21.23575531
530466.8693,180904.6505,530322.8606,180877.5803,in,buildings,roads tracks and paths,146.1015042,260.8244122
530466.8693,180904.6505,530322.8606,180877.5803,at,buildings,roads tracks and paths,146.1015042,260.8244122
530466.8693,180904.6505,530322.8606,180877.5803,in,buildings,roads tracks and paths,146.1015042,260.8244122
530466.8693,180904.6505,530322.8606,180877.5803,in,buildings,roads tracks and paths,146.1015042,260.8244122
529961.955,180556.2569,530016.7911,180419.6359,behind,buildings,structure,147.1114185,159.5961179
530044.8671,180274.4738,530115.2521,180143.7809,on,buildings,roads tracks and paths,148.3056168,153.1614317
530136.1318,180397.1167,530268.624,180327.2467,on,buildings,roads tracks and paths,149.4306924,119.2711067
530423.2565,180283.8436,530570.5216,180249.6831,on,roads tracks and paths,rail,150.7467817,104.5296788
530107.3513,180300.4032,530115.2521,180143.7809,off,roads tracks and paths,roads tracks and paths,156.7618416,178.5792778
530107.3513,180300.4032,530115.2521,180143.7809,off,roads tracks and paths,roads tracks and paths,156.7618416,178.5792778
530423.0629,180194.3056,530570.5216,180249.6831,beside,buildings,rail,157.0881362,70.88615331
530423.0629,180194.3056,530570.5216,180249.6831,above,buildings,rail,157.0881362,70.88615331
530423.0629,180194.3056,530570.5216,180249.6831,near,buildings,rail,157.0881362,70.88615331
530570.5216,180249.6831,530423.0629,180194.3056,along,rail,buildings,157.0881362,250.8878313
529993.9492,180601.1508,530010.2146,180442.5553,opposite,buildings,general surface,159.3651063,175.6100639
530352.9763,180155.5613,530338.3871,179996.2518,in,structure,roads tracks and paths,159.9091793,186.7018481
530553.5788,180847.2087,530707.6395,180892.6101,off,buildings,roads tracks and paths,160.1596521,75.05161035
530170.4123,180461.2653,530010.2146,180442.5553,close to,buildings,general surface,160.8075599,264.804872
530322.8606,180877.5803,530464.2233,180798.339,along,roads tracks and paths,roads tracks and paths,161.6815199,120.7423497
530823.2902,181008.1394,530707.6395,180892.6101,in,roads tracks and paths,roads tracks and paths,163.1824273,226.5043196
530542.2105,180899.1269,530707.6395,180892.6101,on,roads tracks and paths,roads tracks and paths,165.0641789,93.72744836
530220.4618,180743.2074,530322.8606,180877.5803,around,roads tracks and paths,roads tracks and paths,168.7076849,38.77693956
530561.1933,180281.6222,530650.9332,180426.2638,across,roads tracks and paths,tidal water,170.021871,33.2883124
530561.1933,180281.6222,530650.9332,180426.2638,across,roads tracks and paths,tidal water,170.021871,33.2883124
530561.1933,180281.6222,530650.9332,180426.2638,over,roads tracks and paths,tidal water,170.021871,33.2883124
530561.1933,180281.6222,530650.9332,180426.2638,over,roads tracks and paths,tidal water,170.021871,33.2883124
530561.1933,180281.6222,530650.9332,180426.2638,across,rail,tidal water,170.021871,33.2883124
530792.182,180522.3393,530650.9332,180426.2638,on,roads tracks and paths,tidal water,170.4464846,237.2511522
530792.182,180522.3393,530650.9332,180426.2638,across,roads tracks and paths,tidal water,170.4464846,237.2511522
530792.182,180522.3393,530650.9332,180426.2638,across,roads tracks and paths,tidal water,170.4464846,237.2511522
530792.182,180522.3393,530650.9332,180426.2638,on,roads tracks and paths,tidal water,170.4464846,237.2511522
530792.182,180522.3393,530650.9332,180426.2638,over,roads tracks and paths,tidal water,170.4464846,237.2511522
530792.182,180522.3393,530650.9332,180426.2638,over,roads tracks and paths,tidal water,170.4464846,237.2511522
530792.182,180522.3393,530650.9332,180426.2638,across,roads tracks and paths,tidal water,170.4464846,237.2511522
530540.5646,180933.034,530707.6395,180892.6101,over,roads tracks and paths,roads tracks and paths,171.4118975,105.0727302
530485.1659,180375.1149,530650.9332,180426.2638,across,buildings,tidal water,172.9932976,74.32229873
530377.0379,180996.7771,530214.9197,180920.5761,at,buildings,roads tracks and paths,178.6745863,246.2941265
530286.185,180168.0682,530338.3871,179996.2518,across,roads tracks and paths,roads tracks and paths,179.4694113,164.5688427
530240.2054,180012.7344,530115.2521,180143.7809,in,buildings,roads tracks and paths,180.7874688,317.8317291
530240.2054,180012.7344,530115.2521,180143.7809,in,buildings,roads tracks and paths,180.7874688,317.8317291
530240.2054,180012.7344,530115.2521,180143.7809,off,buildings,roads tracks and paths,180.7874688,317.8317291
530286.185,180168.0682,530300.5991,179987.3222,towards,land,roads tracks and paths,181.2500037,176.909585
530564.2197,181129.574,530649.4544,180968.883,beyond,roads tracks and paths,roads tracks and paths,181.7325267,153.530277
530296.3048,180098.3081,530115.2521,180143.7809,adjacent to,roads tracks and paths,roads tracks and paths,186.1519585,285.5669902
530553.5593,180698.6626,530548.5526,180512.3517,on,roads tracks and paths,roads tracks and paths,186.3052972,183.0113004
530129.941,180523.581,530285.4699,180416.4775,on,buildings,general surface,188.444312,126.0200334
530570.5216,180249.6831,530650.9332,180426.2638,on,rail,tidal water,193.8579231,25.95543718
530570.5216,180249.6831,530650.9332,180426.2638,over,rail,tidal water,193.8579231,25.95543718
530650.9332,180426.2638,530570.5216,180249.6831,beside,tidal water,rail,193.8579231,205.9563947
530668.0929,180639.1461,530523.9012,180508.7002,on,structure,roads tracks and paths,194.0777242,229.3378612
530698.3664,180017.5665,530879.723,179941.0083,behind,land,roads tracks and paths,196.351176,114.3595219
530879.723,179941.0083,530698.3664,180017.5665,beyond,roads tracks and paths,land,196.351176,294.3615435
530409.335,180582.5203,530382.101,180386.6734,on,buildings,roads tracks and paths,197.6425665,189.3871365
530573.5915,180745.5643,530707.6395,180892.6101,off,buildings,roads tracks and paths,198.6534051,43.82454857
530349.9789,180410.6693,530523.9012,180508.7002,on,buildings,roads tracks and paths,199.1659588,62.06122234
530485.1659,180375.1149,530285.4699,180416.4775,above,buildings,buildings,203.3520922,283.1722777
530172.292,180590.2298,530285.4699,180416.4775,opposite,roads tracks and paths,buildings,207.1331059,148.3886374
530113.7904,180906.1075,530322.8606,180877.5803,in,roads tracks and paths,roads tracks and paths,210.3911203,99.23619313
530088.7113,180917.3139,530077.927,180705.9622,on,buildings,roads tracks and paths,211.5439118,184.3880141
530088.7113,180917.3139,530077.927,180705.9622,on,buildings,roads tracks and paths,211.5439118,184.3880141
530561.1933,180281.6222,530372.1412,180178.7952,along,roads tracks and paths,roads tracks and paths,214.6814844,242.9289592
530423.0629,180194.3056,530338.3871,179996.2518,on,buildings,roads tracks and paths,215.217605,204.6187959
530437.6279,180260.8039,530285.4699,180416.4775,close to,buildings,buildings,217.3356814,317.1247387
530129.7954,180159.3789,530347.4761,180232.5959,along,structure,general surface,229.0305567,72.87594173
530240.2054,180012.7344,530227.9183,180241.6791,on,buildings,roads tracks and paths,229.1867382,358.3965169
530338.3871,179996.2518,530347.4761,180232.5959,next to,roads tracks and paths,land,236.4265317,3.671676617
530304.8524,179998.5945,530347.4761,180232.5959,in,structure,general surface,237.7371123,11.79234391
530361.2844,180370.0077,530570.5216,180249.6831,on,roads tracks and paths,rail,240.815047,121.3708377
531723.722,180753.0736,531753.8428,180511.7827,over,rail,roads tracks and paths,243.0636497,174.3696599
530347.4761,180232.5959,530300.5991,179987.3222,beyond,land,land,249.5902089,192.2895253
530331.8548,180162.8722,530570.5216,180249.6831,near,general surface,rail,253.2729728,71.48043765
530549.8047,180664.9411,530650.9332,180426.2638,across,buildings,tidal water,259.0267792,158.5097729
530464.2233,180798.339,530707.6395,180892.6101,near,roads tracks and paths,roads tracks and paths,260.3320892,70.29989149
530285.4699,180416.4775,530423.0629,180194.3056,over,buildings,buildings,261.0523375,149.6985687
530570.5216,180249.6831,530549.7465,180511.4336,towards,rail,structure,262.4705559,356.9341537
530749.813,180674.384,530650.9332,180426.2638,on,structure,tidal water,266.8888038,203.2021741
530792.182,180522.3393,530658.2791,180755.2213,towards,roads tracks and paths,roads tracks and paths,268.3704474,331.5766569
530437.6279,180260.8039,530650.9332,180426.2638,on,buildings,tidal water,269.3980936,53.66942151
530103.7848,180540.9054,530268.624,180327.2467,off,buildings,roads tracks and paths,269.504269,143.8162896
530482.6052,181053.2076,530707.6395,180892.6101,beyond,buildings,roads tracks and paths,275.8969478,126.9850371
530549.8047,180664.9411,530707.6395,180892.6101,on,buildings,roads tracks and paths,276.672027,36.20401414
530549.8047,180664.9411,530707.6395,180892.6101,off,buildings,roads tracks and paths,276.672027,36.20401414
530549.8047,180664.9411,530707.6395,180892.6101,on,buildings,roads tracks and paths,276.672027,36.20401414
530268.624,180327.2467,530538.81,180237.0441,through,roads tracks and paths,rail,284.0794162,109.9300962
530016.7535,180419.4646,530115.2521,180143.7809,on,structure,roads tracks and paths,292.5648296,161.8050101
530751.7405,180815.6968,530792.182,180522.3393,above,roads tracks and paths,roads tracks and paths,296.0092962,173.6256727
530751.7405,180815.6968,530792.182,180522.3393,near,roads tracks and paths,structure,296.0092962,173.6256727
530751.7405,180815.6968,530792.182,180522.3393,close to,buildings,roads tracks and paths,296.0092962,173.6256727
530751.7405,180815.6968,530792.182,180522.3393,next to,buildings,roads tracks and paths,296.0092962,173.6256727
530647.6707,179961.4559,530570.5216,180249.6831,close to,general surface,rail,298.2171634,346.4879438
530322.8606,180877.5803,530077.927,180705.9622,by,roads tracks and paths,roads tracks and paths,298.4222567,236.4509322
530344.2959,180450.2486,530570.5216,180249.6831,on,roadside,rail,301.7926315,133.028521
530304.8524,179998.5945,530607.6082,179990.8062,towards,structure,structure,301.9530922,92.94161417
530344.2959,180450.2486,530650.9332,180426.2638,across,roadside,tidal water,306.6621644,95.94116701
530978.5115,181040.0003,530707.6395,180892.6101,beyond,buildings,roads tracks and paths,307.6205751,242.9237953
530538.81,180237.0441,530285.4699,180416.4775,in,roads tracks and paths,buildings,309.8072572,306.7802018
530427.0737,181027.1563,530707.6395,180892.6101,over,roads tracks and paths,roads tracks and paths,310.3949668,117.0906773
530268.624,180327.2467,530570.5216,180249.6831,across,roads tracks and paths,rail,310.8301366,105.8769744
530115.2521,180143.7809,530010.2146,180442.5553,towards,roads tracks and paths,general surface,316.499291,342.0973063
530115.2521,180143.7809,530010.2146,180442.5553,towards,roads tracks and paths,general surface,316.499291,342.0973063
530115.2521,180143.7809,530010.2146,180442.5553,towards,roads tracks and paths,general surface,316.499291,342.0973063
530322.8606,180877.5803,530577.6865,181075.7785,by,roads tracks and paths,roads tracks and paths,322.1629755,53.59368001
530423.0629,180194.3056,530650.9332,180426.2638,on,buildings,tidal water,324.6008788,45.96049252
530423.0629,180194.3056,530650.9332,180426.2638,on,buildings,tidal water,324.6008788,45.96049252
530423.0629,180194.3056,530650.9332,180426.2638,on,buildings,tidal water,324.6008788,45.96049252
530423.0629,180194.3056,530650.9332,180426.2638,on,buildings,tidal water,324.6008788,45.96049252
530423.0629,180194.3056,530650.9332,180426.2638,over,buildings,tidal water,324.6008788,45.96049252
530570.5216,180249.6831,530285.4699,180416.4775,alongside,rail,buildings,329.5141214,301.8050837
530570.5216,180249.6831,530285.4699,180416.4775,at,rail,buildings,329.5141214,301.8050837
530647.6707,179961.4559,530561.1933,180281.6222,beside,land,roads tracks and paths,331.4642356,346.3578075
530071.0603,180112.7793,530010.2146,180442.5553,off,buildings,general surface,335.1910804,351.0127248
530478.2907,180644.138,530792.182,180522.3393,over,buildings,structure,335.8150143,112.6784419
530478.2907,180644.138,530707.6395,180892.6101,at,buildings,roads tracks and paths,337.5862948,44.17898358
530570.5216,180249.6831,530338.3871,179996.2518,over,rail,roads tracks and paths,343.1170023,223.9601883
530320.0973,180340.5868,530338.3871,179996.2518,on,buildings,roads tracks and paths,344.6880216,178.4287048
530792.182,180522.3393,530570.5216,180249.6831,along,roads tracks and paths,rail,350.8693501,220.5841711
530792.182,180522.3393,530570.5216,180249.6831,towards,roads tracks and paths,rail,350.8693501,220.5841711
530355.5405,179969.0968,530570.5216,180249.6831,near,roads tracks and paths,rail,352.9808489,38.92797597
530381.7646,180740.4277,530707.6395,180892.6101,on,roads tracks and paths,roads tracks and paths,358.7338029,66.43707453
530347.4761,180232.5959,530650.9332,180426.2638,beyond,land,tidal water,359.1674381,58.92263339
530285.4699,180416.4775,530650.9332,180426.2638,over,buildings,tidal water,364.5007456,89.93413334
530376.3468,180734.887,530707.6395,180892.6101,on,buildings,roads tracks and paths,365.9844848,66.0109849
530372.1412,180178.7952,530650.9332,180426.2638,along,roads tracks and paths,tidal water,372.074016,49.875394
530650.9332,180426.2638,530372.1412,180178.7952,at,tidal water,roads tracks and paths,372.074016,229.878608
530707.6395,180892.6101,530792.182,180522.3393,opposite,roads tracks and paths,roads tracks and paths,379.6145572,168.612579
531002.9351,181157.7695,530707.6395,180892.6101,on,buildings,roads tracks and paths,396.1263008,229.5541455
530647.6707,179961.4559,530726.7109,180353.4838,close to,general surface,buildings,399.7138281,12.87191514
530340.1765,180712.9183,530707.6395,180892.6101,in,buildings,roads tracks and paths,408.0103846,65.41011031
530331.8548,180162.8722,530650.9332,180426.2638,near,general surface,tidal water,412.9228651,51.92976743
530428.8678,180557.6972,530707.6395,180892.6101,beyond,roads tracks and paths,roads tracks and paths,435.0962099,41.24330434
530607.6082,179990.8062,530650.9332,180426.2638,across,structure,tidal water,437.4238874,7.154220778
530607.6082,179990.8062,530650.9332,180426.2638,across,structure,tidal water,437.4238874,7.154220778
530650.9332,180426.2638,530607.6082,179990.8062,at,tidal water,structure,437.4238874,187.1548353
530650.9332,180426.2638,530607.6082,179990.8062,near,tidal water,structure,437.4238874,187.1548353
530355.5405,179969.0968,530285.4699,180416.4775,near,roads tracks and paths,buildings,452.6411178,352.5681453
530328.9187,180440.6566,530300.5991,179987.3222,outside,roads tracks and paths,land,454.037341,185.0441325
530413.0558,180439.609,530300.5991,179987.3222,in,buildings,general surface,465.7965582,195.4332473
530649.4544,180968.883,530792.182,180522.3393,opposite,roads tracks and paths,roads tracks and paths,468.5228261,163.7480793
531268.2377,180531.1513,530792.182,180522.3393,next to,buildings,roads tracks and paths,474.7128623,270.4187192
531268.2377,180531.1513,530792.182,180522.3393,adjacent to,roads tracks and paths,roads tracks and paths,474.7128623,270.4187192
530322.3817,180611.003,530707.6395,180892.6101,on,buildings,roads tracks and paths,476.1869454,55.30356521
530280.3299,180641.1517,530707.6395,180892.6101,on,buildings,roads tracks and paths,494.6319491,60.9929
530792.182,180522.3393,530698.3664,180017.5665,next to,roads tracks and paths,roads tracks and paths,513.1636718,192.0032628
530326.11,180500.9647,530300.5991,179987.3222,towards,roads tracks and paths,land,514.0729327,184.3128678
530792.182,180522.3393,530285.4699,180416.4775,next to,roads tracks and paths,roads tracks and paths,516.1482562,259.6734089
530799.8342,179998.44,530792.182,180522.3393,beyond,structure,roads tracks and paths,523.7544632,0.637859059
530338.3871,179996.2518,530650.9332,180426.2638,alongside,roads tracks and paths,tidal water,530.885136,37.47977672
530338.3871,179996.2518,530650.9332,180426.2638,beside,roads tracks and paths,tidal water,530.885136,37.47977672
530650.9332,180426.2638,530338.3871,179996.2518,alongside,tidal water,roads tracks and paths,530.885136,217.4834239
530338.3871,179996.2518,530650.9332,180426.2638,on,roads tracks and paths,tidal water,530.885136,37.47977672
530607.6082,179990.8062,530285.4699,180416.4775,towards,structure,buildings,533.1446393,324.3547122
530338.3871,179996.2518,530464.1496,180514.8031,in,roads tracks and paths,land,533.2874883,15.10190319
530459.5641,180497.2359,530300.5991,179987.3222,in,structure,general surface,533.7731922,198.785622
530459.5641,180497.2359,530300.5991,179987.3222,in,structure,general surface,533.7731922,198.785622
530440.416,180513.9726,530300.5991,179987.3222,in,structure,general surface,544.5775529,196.3387841
530221.7652,180643.3726,530707.6395,180892.6101,off,buildings,roads tracks and paths,544.7088399,64.31129623
530536.7631,180508.3937,530338.3871,179996.2518,on,structure,roads tracks and paths,548.8007916,202.6452546
530204.0338,180670.2173,530707.6395,180892.6101,along,roads tracks and paths,roads tracks and paths,549.0900873,67.64100834
530549.7465,180511.4336,530338.3871,179996.2518,on,structure,roads tracks and paths,556.4072945,203.7782482
530549.7465,180511.4336,530338.3871,179996.2518,on,structure,roads tracks and paths,556.4072945,203.7782482
530549.7465,180511.4336,530338.3871,179996.2518,on,structure,roads tracks and paths,556.4072945,203.7782482
530549.7465,180511.4336,530338.3871,179996.2518,on,structure,roads tracks and paths,556.4072945,203.7782482
530300.5991,179987.3222,530650.9332,180426.2638,alongside,land,tidal water,560.7926675,40.06304512
530792.182,180522.3393,530607.6082,179990.8062,towards,roads tracks and paths,structure,562.2728495,200.6239134
530607.6082,179990.8062,530792.182,180522.3393,beyond,structure,structure,562.2728495,20.62167901
530440.8222,180550.5581,530338.3871,179996.2518,past,roads tracks and paths,roads tracks and paths,563.4147373,191.9407521
530514.4904,180537.6925,530338.3871,179996.2518,on,structure,roads tracks and paths,568.9796749,199.4885258
530509.2934,180542.1613,530338.3871,179996.2518,on,structure,roads tracks and paths,571.6650907,198.8549454
530700.4249,180021.7254,530285.4699,180416.4775,on,structure,roads tracks and paths,571.7598855,315.0439961
530428.8678,180557.6972,530300.5991,179987.3222,near,roads tracks and paths,land,584.3086918,194.1446739
530495.1513,180564.3838,530300.5991,179987.3222,in,structure,general surface,608.559397,200.1023069
530495.1513,180564.3838,530300.5991,179987.3222,in,structure,land,608.559397,200.1023069
530609.564,180544.8595,530338.3871,179996.2518,on,buildings,roads tracks and paths,611.3946017,207.7755951
530650.9332,180426.2638,530076.6239,180152.2886,towards,tidal water,buildings,634.6889085,245.9686184
530707.6395,180892.6101,530285.4699,180416.4775,behind,roads tracks and paths,buildings,635.330455,223.0356741
530707.6395,180892.6101,530285.4699,180416.4775,outside,roads tracks and paths,buildings,635.330455,223.0356741
530544.4382,180606.9992,530300.5991,179987.3222,in,structure,land,665.4123418,202.9510513
530586.0855,180626.059,530338.3871,179996.2518,on,structure,tidal water,676.2429358,202.9415556
530549.8047,180664.9411,530300.5991,179987.3222,inside,buildings,general surface,721.4648028,201.6637373
530094.0967,180479.6244,530707.6395,180892.6101,at,buildings,general surface,737.9394589,57.52104093
530628.4367,180649.519,530300.5991,179987.3222,in,structure,general surface,738.2104862,207.8115857
530749.813,180674.384,530338.3871,179996.2518,on,structure,roads tracks and paths,792.2793627,212.7192764
530792.182,180522.3393,531650.9006,180696.3939,along,roads tracks and paths,rail,873.6298908,80.01560522
530996.1054,180838.0874,530338.3871,179996.2518,on,buildings,roads tracks and paths,1066.781382,219.4768157
530300.5991,179987.3222,531074.0592,180850.7438,on,general surface,roads tracks and paths,1157.341679,43.32271069
531371.7937,180856.6287,530338.3871,179996.2518,on,buildings,roads tracks and paths,1342.0211,231.7010796
530253.9792,180863.7576,532044.3878,181141.0587,towards,roads tracks and paths,buildings,1806.411699,82.66368989
532044.3878,181141.0587,530229.5377,180783.0791,beyond,buildings,roads tracks and paths,1844.4212,260.3296967
530779.0715,181380.428,530902.0948,181307.5565,close to,roads tracks and paths,buildings,142.6625592,122.1142644
530902.0948,181307.5565,530814.6269,181235.2389,at,buildings,roads tracks and paths,113.2661328,231.8921194
530988.9699,181327.4135,530992.9924,181317.7879,on,land,roads tracks and paths,10.42412073,158.7973005
530988.9699,181327.4135,530779.0715,181380.428,beyond,land,roads tracks and paths,215.8819484,285.6515264
530848.4645,181212.1871,530902.0948,181307.5565,near,buildings,buildings,109.299148,30.82597085
530932.6024,181022.462,530978.5115,181040.0003,outside,structure,buildings,49.0119431,70.56781307
530978.5115,181040.0003,530918.795,181078.4116,near,buildings,buildings,70.84850882,304.2271942
531555.9201,181126.4337,531648.4977,181087.3951,near,buildings,roads tracks and paths,100.2159563,114.3471396
531999.327,180908.0438,532055.6882,180882.6485,over,buildings,roads tracks and paths,61.66273358,115.7428706
531919.3564,180851.4509,532055.6882,180882.6485,along,roads tracks and paths,roads tracks and paths,139.4513232,78.59674246
532179.7599,180880.6972,532187.7372,180855.3677,past,land,roads tracks and paths,26.53995881,164.009974
532165.1019,180893.192,532230.7651,180865.6017,towards,roads tracks and paths,roads tracks and paths,71.04158538,114.2806978
532230.7651,180865.6017,532187.7372,180855.3677,along,roads tracks and paths,roads tracks and paths,44.10056336,258.1114468
532235.3202,180989.9157,532142.5723,180936.3173,towards,roads tracks and paths,roads tracks and paths,106.8647729,241.4673297
532407.8267,181034.5997,532414.8838,181052.836,on,buildings,roads tracks and paths,19.53883429,22.64743935
532202.8742,181270.4799,532186.5179,181308.1149,at,buildings,roads tracks and paths,41.00468008,338.0016262
532086.7668,181179.9269,532216.0714,181217.1658,beyond,land,roads tracks and paths,134.178544,75.4234567
532086.7668,181179.9269,532044.3878,181141.0587,outside,land,buildings,57.39728725,228.9635494
532044.3878,181141.0587,532095.7724,181071.9673,on,buildings,roads tracks and paths,85.99592315,144.850107
531860.7893,180965.7094,531855.9641,180980.758,outside,land,buildings,15.79363792,343.7083187
531999.327,180908.0438,531855.9641,180980.758,beyond,buildings,buildings,160.3602378,298.3819929
531932.7998,180812.1048,530650.9332,180426.2638,alongside,roads tracks and paths,tidal water,1334.917341,254.7349135
532052.2041,180661.5789,530650.9332,180426.2638,across,roads tracks and paths,tidal water,1416.712846,261.9552619
532364.1202,180607.1728,530650.9332,180426.2638,over,roads tracks and paths,tidal water,1717.583963,265.4635842
532364.1202,180607.1728,532052.2041,180661.5789,alongside,roads tracks and paths,roads tracks and paths,315.7089598,281.3862794
532812.9144,180514.1643,530650.9332,180426.2638,over,roads tracks and paths,tidal water,2157.287427,269.1684402
533026.5519,180598.9131,530650.9332,180426.2638,along,roads tracks and paths,tidal water,2374.763731,267.3424537
532700.37,180642.4398,532812.9144,180514.1643,towards,roads tracks and paths,roads tracks and paths,170.3980035,140.2337793
532416.1851,180766.9447,532364.1202,180607.1728,towards,roads tracks and paths,roads tracks and paths,167.9273792,199.5418973
533577.0401,180743.1102,533519.8998,180745.8098,next to,roads tracks and paths,land,57.03423047,274.212286
533492.6347,180815.1429,533519.8998,180745.8098,towards,roads tracks and paths,land,74.44774468,160.0380998
532700.37,180642.4398,530650.9332,180426.2638,along,roads tracks and paths,tidal water,2054.6705,265.4740865
531919.3564,180851.4509,531932.7998,180812.1048,alongside,roads tracks and paths,roads tracks and paths,41.55401825,162.6225403
532348.7773,180801.2496,532386.512,180854.4211,over,roads tracks and paths,buildings,65.11331227,36.85511822
531813.1029,180797.033,530650.9332,180426.2638,on,roads tracks and paths,tidal water,1216.481769,253.7910228
531932.7998,180812.1048,530338.3871,179996.2518,along,roads tracks and paths,roads tracks and paths,1786.55027,244.3881305
532267.6736,180986.9158,532244.0056,181028.7203,towards,roads tracks and paths,roads tracks and paths,47.99312076,331.9748093
532216.0714,181217.1658,532468.7321,181120.5111,around,roads tracks and paths,roads tracks and paths,269.8097752,112.4253291
532392.8022,181115.4858,532216.0714,181217.1658,by,roads tracks and paths,roads tracks and paths,203.4267929,301.406258
532086.7668,181179.9269,532155.4258,181144.0788,beside,land,buildings,77.26932005,119.0593947
532004.8934,180995.1702,532059.9588,181047.6476,by,roads tracks and paths,roads tracks and paths,75.92875253,47.86601443
532059.9588,181047.6476,532095.7724,181071.9673,alongside,roads tracks and paths,roads tracks and paths,43.19375513,57.30924382
532044.3878,181141.0587,532142.5723,180936.3173,beyond,buildings,roads tracks and paths,226.8796807,155.8689726
531882.8824,181028.7662,532059.9588,181047.6476,through,land,roads tracks and paths,177.5501047,85.399691
531902.9167,181005.9139,532059.9588,181047.6476,through,roads tracks and paths,roads tracks and paths,162.0295463,76.60390045
531726.064,181061.8487,531902.9167,181005.9139,beyond,land,roads tracks and paths,184.9826112,109.0359559
531747.9867,181139.9158,531783.5891,181153.4596,towards,roads tracks and paths,roads tracks and paths,37.98750734,70.65647981
531802.554,181170.8073,531783.5891,181153.4596,on,buildings,roads tracks and paths,25.65432853,229.0353493
531783.5891,181153.4596,531555.9201,181126.4337,beyond,buildings,roads tracks and paths,228.5862037,264.7152376